geoid,name,population,value,percentile,numerator,denominator,se
94601,94601,53039,-0.0450381007392943,0.106626047220107,,,
94501,94501,63821,0.0426024300231969,0.847677075399848,,,
94560,94560,47171,0.0521081712123521,0.939070830159939,,,
94587,94587,74722,0.0544398414256616,0.955826351865956,,,
94580,94580,30488,0.0274559828159245,0.681645087585682,,,
94703,94703,21697,0.0302909352801751,0.706016755521706,,,
95669,95669,2315,-0.00407336765284676,0.341203351104341,,,
95901,95901,33455,-0.00448516310964453,0.332825590251333,,,
94549,94549,29795,0.0608955293831414,0.984006092916984,,,
94595,94595,18117,0.0472784293712398,0.89032749428789,,,
94506,94506,25240,0.0643376258154739,0.993907083015994,,,
94806,94806,64286,-0.0233410620024932,0.206397562833206,,,
94801,94801,31210,-0.0463971175236486,0.102817974105103,,,
94803,94803,25893,0.029642032851335,0.701447067783701,,,
94553,94553,49784,0.0427850147834392,0.852246763137852,,,
94530,94530,26145,0.0335370279408696,0.744097486671744,,,
94572,94572,10384,0.0243988072142098,0.643564356435644,,,
95567,95567,1802,0.0121810786545895,0.488956587966489,,,
93612,93612,35140,0.0112276409890624,0.481340441736481,,,
93630,93630,20764,-0.0195607028570627,0.226199543031226,,,
93646,93646,11738,-0.0474264767924798,0.0997715156130998,,,
93703,93703,32754,-0.0376763257681886,0.132520944402133,,,
93234,93234,7355,-0.0715798018016626,0.0456968773800457,,,
93616,93616,2582,-0.029436357757468,0.171363290175171,,,
95503,95503,25972,0.0143077565033626,0.517897943640518,,,
95560,95560,1615,-0.0810086520372859,0.0342726580350343,,,
95524,95524,1668,0.010922790417018,0.476770753998477,,,
92243,92243,50402,0.00251865059263551,0.402132520944402,,,
93527,93527,1559,0.0362609740926626,0.777608530083778,,,
93305,93305,37902,-0.0254469461229527,0.197258187357197,,,
93308,93308,53981,-0.00392001044252861,0.345011424219345,,,
93311,93311,45481,0.0202753347645738,0.584920030464585,,,
93245,93245,38480,0.0240500715341565,0.638994668697639,,,
93202,93202,4273,0.00326866240926497,0.414318354912414,,,
95485,95485,2650,-0.0486550266057867,0.095963442498096,,,
96130,96130,20119,0.0373536801541672,0.793602437166794,,,
91504,91504,26749,0.0207414358305056,0.591012947448591,,,
91606,91606,44295,-0.0293915730460821,0.172124904798172,,,
90640,90640,62730,-0.0357802971546958,0.142421934501142,,,
91770,91770,62703,0.00307387217954946,0.412033511043412,,,
93535,93535,74264,0.0176602553327207,0.558263518659558,,,
90290,90290,5681,0.0615970565351384,0.987814166031988,,,
91792,91792,29619,0.0077810493190241,0.450875856816451,,,
91789,91789,44440,0.023950699413451,0.635948210205636,,,
91791,91791,33397,0.00304829018622221,0.411271896420411,,,
91723,91723,18521,0.00150173317282832,0.389185072353389,,,
91773,91773,34007,0.0359534528447609,0.773800456968774,,,
91702,91702,62066,-0.0145363418482855,0.265803503427266,,,
91741,91741,26794,0.0325812456271801,0.731911652703732,,,
91765,91765,46593,0.0235485172387378,0.629093678598629,,,
90303,90303,24374,-0.0717167994815844,0.0449352627570449,,,
90033,90033,49155,-0.0821313239472204,0.0335110434120335,,,
90032,90032,48031,-0.0225755051773999,0.211728865194212,,,
90249,90249,26429,-0.025552714323988,0.195734958111196,,,
91355,91355,30526,0.0396172370081025,0.81949733434882,,,
91350,91350,36173,0.0412751586190157,0.838537699923839,,,
91387,91387,42034,0.0053451241133328,0.432597105864433,,,
91001,91001,37818,0.0157656594531,0.536938309215537,,,
91604,91604,32910,0.0360451300943702,0.775323686214775,,,
91402,91402,72059,-0.0664283110842642,0.0548362528560548,,,
91030,91030,25637,0.0343486055939289,0.752475247524752,,,
91108,91108,13375,0.0503892892184747,0.925361766945925,,,
90062,90062,35916,-0.0609757974145121,0.0647372429550647,,,
90293,90293,12728,0.0408514190980504,0.832444782939832,,,
90292,90292,23549,0.0400097809338099,0.825590251332826,,,
90003,90003,73730,-0.0863708432801288,0.0236100533130236,,,
90056,90056,7649,0.0526853146307552,0.942117288651942,,,
90732,90732,22780,0.0276712615300808,0.683929931454684,,,
90716,90716,14285,-0.0335023458166603,0.15003808073115,,,
90805,90805,95995,-0.0104178667508379,0.293221629855293,,,
90402,90402,11882,0.0542253716005374,0.953541507996954,,,
90010,90010,3822,-0.065188282099341,0.0571210967250571,,,
91040,91040,20049,0.0305024365131977,0.708301599390708,,,
90403,90403,23902,0.046106075333429,0.88042650418888,,,
93550,93550,77506,-0.0224577186271914,0.212490479817213,,,
92397,92397,4562,0.0256300934245042,0.66031987814166,,,
91732,91732,62905,-0.0667178081664615,0.0540746382330541,,,
91731,91731,30222,-0.0378359342918934,0.130997715156131,,,
94949,94949,18695,0.0345196859427696,0.754760091393755,,,
94939,94939,6747,0.0444617936657055,0.868240670220868,,,
95428,95428,2580,-0.114521746435464,0.00913937547600914,,,
95425,95425,10984,-0.00284175771483152,0.351104341203351,,,
95449,95449,1560,-0.0191693807979096,0.229246001523229,,,
95301,95301,39186,-0.00413471002705481,0.33968012185834,,,
96134,96134,2059,-0.0162401322086153,0.248286367098248,,,
93907,93907,23299,-0.00481830282339365,0.32977913175933,,,
93953,93953,4028,0.0623013201304784,0.989337395277989,,,
94599,94599,3108,0.0530087002392695,0.945925361766946,,,
96161,96161,18488,0.000471379457060928,0.378522467631379,,,
92840,92840,54735,-0.0190002267123604,0.231530845392232,,,
92841,92841,33754,-0.00937715553950046,0.303884234577304,,,
92647,92647,62199,0.00925724722330209,0.459253617669459,,,
92673,92673,30768,0.042822298306161,0.853008377760853,,,
92865,92865,20664,-0.00181728400578569,0.358720487433359,,,
92866,92866,15574,-0.00968491878368214,0.3000761614623,,,
92624,92624,6372,0.00538403908804329,0.434120335110434,,,
96020,96020,2369,0.0204672505110436,0.587966488956588,,,
95947,95947,1657,0.0126216671169061,0.494287890327494,,,
96118,96118,1779,-0.0367262436085466,0.137852246763138,,,
92234,92234,54357,-0.0460349038250494,0.103579588728104,,,
92240,92240,35278,-0.0671883950035387,0.0517897943640518,,,
92544,92544,49923,-0.0377187708239147,0.131759329779132,,,
92543,92543,38314,-0.0159139782446105,0.252856054836253,,,
92264,92264,20072,0.00209448979843194,0.396801218583397,,,
92201,92201,65726,-0.0260652013887631,0.19040365575019,,,
92373,92373,33353,0.0387408231593394,0.80959634424981,,,
92210,92210,5138,0.0369187928592105,0.787509520182788,,,
92324,92324,59972,-0.000598702630947704,0.367098248286367,,,
92399,92399,54268,0.0155195592592521,0.533891850723534,,,
95843,95843,47823,0.0218420375748049,0.605483625285606,,,
95814,95814,11908,0.0331321629024198,0.73952779893374,,,
95864,95864,23352,0.0373864395115599,0.795125666412795,,,
95655,95655,4156,0.0551059022969598,0.96039603960396,,,
95824,95824,30296,-0.0235676424609028,0.204112718964204,,,
92394,92394,34915,-0.00064642670723715,0.366336633663366,,,
92410,92410,45052,-0.0787485417206766,0.0365575019040366,,,
92337,92337,39240,0.00441276366079901,0.424219345011424,,,
92313,92313,12547,0.0349124481850435,0.76009139375476,,,
92325,92325,7948,0.00318434653497226,0.412795125666413,,,
92014,92014,13568,0.0387891756240703,0.811119573495811,,,
92020,92020,59743,0.00642604802113116,0.44021325209444,,,
92111,92111,50693,-0.0160572525291696,0.250571210967251,,,
92108,92108,22280,0.0237129434228837,0.632901751713633,,,
92037,92037,38168,0.0414370321374748,0.84006092916984,,,
92104,92104,45435,-0.022683067097294,0.21020563594821,,,
92154,92154,88979,-0.0124937608887675,0.273419649657273,,,
92067,92067,7724,0.0147672596050952,0.523990860624524,,,
92075,92075,12752,0.0142545491438588,0.516374714394516,,,
92103,92103,34700,0.0360896055528526,0.776085300837776,,,
91935,91935,8550,0.00935470770469798,0.46001523229246,,,
91978,91978,10506,0.000920544234484804,0.383853769992384,,,
91906,91906,4428,0.0202879426525207,0.585681645087586,,,
92069,92069,50376,-0.0281723036141134,0.178217821782178,,,
92010,92010,16346,0.0274484283815651,0.680883472962681,,,
92058,92058,46029,0.0153106725375114,0.53008377760853,,,
94131,94131,29523,0.0560170945205896,0.966488956587967,,,
94124,94124,35747,0.0296038473220981,0.700685453160701,,,
94134,94134,42418,0.0256876523515122,0.661081492764661,,,
94108,94108,14143,0.0312326539140369,0.711348057882711,,,
94130,94130,3008,-0.0524202198095512,0.0898705255140899,,,
95242,95242,26409,0.0158548750598873,0.539223153084539,,,
95240,95240,48799,0.000925721391846187,0.384615384615385,,,
95320,95320,12822,0.0158431122733565,0.538461538461538,,,
93405,93405,35898,0.0321293563444042,0.723533891850724,,,
93433,93433,13535,-0.0233603883120338,0.205635948210206,,,
93430,93430,2847,0.011504809008175,0.485148514851485,,,
94070,94070,31074,0.059310171011421,0.979436405178979,,,
94065,94065,12461,0.0573764243677083,0.975628332063976,,,
94019,94019,20512,0.0367470929910515,0.785224676313785,,,
93105,93105,28545,0.0175588796611011,0.556740289413557,,,
93109,93109,10771,0.0114110816519393,0.483625285605484,,,
95138,95138,20674,0.0505371552250941,0.926123381568926,,,
95033,95033,9511,0.0499027484329253,0.92003046458492,,,
95120,95120,38122,0.0631232701039895,0.990860624523991,,,
95136,95136,47476,0.0409467242886351,0.834729626808835,,,
95123,95123,68766,0.0324154053868083,0.727341964965727,,,
94304,94304,3852,0.066873334238285,0.997715156130998,,,
95073,95073,11013,0.033738363436663,0.747143945163747,,,
96019,96019,10178,-0.0189310931872289,0.232292460015232,,,
96025,96025,2126,-0.0522459630356974,0.0913937547600914,,,
95687,95687,69060,0.0366931721751016,0.782178217821782,,,
94590,94590,37280,0.00342572731639493,0.415841584158416,,,
95441,95441,1797,0.0153901657980339,0.531607006854532,,,
95448,95448,17407,0.00557429270059159,0.435643564356436,,,
95465,95465,2244,0.0287187238818345,0.693830921553694,,,
95405,95405,21082,0.032502112963804,0.72962680883473,,,
95407,95407,42026,-0.0362737196166499,0.14013709063214,,,
95476,95476,36586,0.0212846345952329,0.597105864432597,,,
94951,94951,4574,0.038807543913379,0.811881188118812,,,
95350,95350,54210,0.0167505883159371,0.547600913937548,,,
95367,95367,25072,0.01975281984161,0.581111957349581,,,
95319,95319,1745,-0.0072386720081234,0.313023610053313,,,
96055,96055,3866,0.026319990101368,0.667174409748667,,,
96052,96052,1574,-0.0326886555960813,0.153084539223153,,,
95379,95379,4003,-0.0261294435307183,0.188880426504189,,,
95383,95383,3611,0.0240137646978682,0.637471439451637,,,
93012,93012,36052,0.0318348994886897,0.717440974866717,,,
93066,93066,3220,-0.0150931875428977,0.261995430312262,,,
93036,93036,48162,-0.0450230250255793,0.107387661843107,,,
93004,93004,31525,0.0266469533216982,0.673267326732673,,,
93022,93022,7179,-0.0149510486545733,0.263518659558264,,,
95616,95616,52212,0.0458461945956216,0.87966488956588,,,
95691,95691,38690,0.0272530462912729,0.679360243716679,,,
94705,94705,13527,0.0408011622329942,0.83015993907083,,,
94602,94602,30162,0.0240718525021886,0.63975628332064,,,
95689,95689,1698,0.00361261641700993,0.418126428027418,,,
95969,95969,23572,0.01113070706014,0.479055597867479,,,
95948,95948,11917,0.0026270415724537,0.402894135567403,,,
95228,95228,4541,0.0140385710963563,0.514089870525514,,,
95252,95252,16262,0.0195830227907987,0.57958872810358,,,
95245,95245,1717,0.0138281860677921,0.511043412033511,,,
95932,95932,7633,-0.00407093520131432,0.341964965727342,,,
95645,95645,1881,-0.0157221592687015,0.255140898705255,,,
94596,94596,21700,0.0399390658236398,0.823305407463823,,,
94583,94583,35231,0.0498632668431281,0.917745620715918,,,
94804,94804,40931,-0.0285740541437696,0.175171363290175,,,
93660,93660,4090,-0.0177067756677503,0.238385376999238,,,
93611,93611,49053,0.0373737350222632,0.794364051789794,,,
93706,93706,40586,-0.0577773451284635,0.0723533891850724,,,
93618,93618,31470,-0.029108317743316,0.173648134044174,,,
93622,93622,10335,-0.101869917965192,0.0121858339680122,,,
93728,93728,16574,-0.0428159577510761,0.111957349581112,,,
93701,93701,10166,-0.0541797069223815,0.0822543792840823,,,
93620,93620,8906,-0.0415418852673662,0.117288651942117,,,
93656,93656,5806,-0.0411476506093962,0.118811881188119,,,
93242,93242,3474,-0.0789463007358841,0.0357958872810358,,,
95546,95546,3466,-0.0337252634875521,0.149276466108149,,,
95570,95570,2338,0.0221744821485544,0.61005331302361,,,
93513,93513,1621,0.0187474027328491,0.57044935262757,,,
93307,93307,86832,-0.0631734678033313,0.0594059405940594,,,
93516,93516,2244,0.0190856216800373,0.576542269611577,,,
93561,93561,34979,0.0247571026762037,0.646610814927647,,,
93201,93201,1580,-0.0195804867092872,0.224676313785225,,,
95467,95467,5506,0.0216904160911687,0.602437166793602,,,
95461,95461,2567,0.0234834298513197,0.628332063975628,,,
95453,95453,11369,-0.00702734028788787,0.316070068545316,,,
96056,96056,1530,-0.03789557330621,0.13023610053313,,,
91306,91306,49678,-0.0316297515080059,0.157654226961158,,,
91755,91755,26803,0.0131595211450374,0.502665651180503,,,
90701,90701,16801,-0.01530744454529,0.258948971820259,,,
90241,90241,43215,-0.027929506480636,0.17974105102818,,,
90250,90250,97072,-0.0383763321859527,0.127189642041127,,,
90210,90210,19314,0.0517041630687845,0.933739527798934,,,
90004,90004,60541,-0.0831699274049073,0.0297029702970297,,,
90013,90013,12559,0.000240567137594497,0.374714394516375,,,
90069,90069,20230,0.0259844880855876,0.664889565879665,,,
91384,91384,29212,0.0298253355870244,0.702970297029703,,,
90704,90704,3979,-0.0526756045313836,0.0883472962680883,,,
90059,90059,46185,-0.0586543959553534,0.0693069306930693,,,
91601,91601,36841,-0.00116487722488674,0.364051789794364,,,
91352,91352,47076,-0.0479581971905044,0.0982482863670982,,,
91311,91311,40839,0.0374232380020146,0.796648895658797,,,
90068,90068,21092,0.0221159367238405,0.609291698400609,,,
90744,90744,56880,-0.0726503642256457,0.0418888042650419,,,
90023,90023,46680,-0.0840703458530453,0.0281797410510282,,,
90016,90016,45899,-0.0523913608172188,0.0906321401370906,,,
90713,90713,28202,0.039983010481103,0.824828636709825,,,
90058,90058,2718,-0.0772043629284735,0.0388423457730388,,,
91006,91006,32958,0.0333896123486249,0.742574257425743,,,
90638,90638,49227,0.0293348590341837,0.6999238385377,,,
90606,90606,32987,-0.0289546609521066,0.174409748667174,,,
91016,91016,41105,0.00481105998572951,0.42955064737243,,,
90602,90602,25581,-0.00821660670062372,0.308453922315308,,,
93644,93644,9055,0.0378493514307741,0.801218583396801,,,
93614,93614,11982,0.0111109731880177,0.478293983244478,,,
95470,95470,5561,0.00449680168851985,0.424980959634425,,,
95460,95460,2508,0.014270899497881,0.517136329017517,,,
93923,93923,12837,0.0556259338131505,0.965727341964966,,,
93901,93901,28194,-0.0224343158162866,0.213252094440213,,,
94503,94503,20276,0.036522097556265,0.77989337395278,,,
94574,94574,8757,0.0233530001268741,0.626808834729627,,,
94508,94508,3935,0.0282178898695714,0.690784463061691,,,
92844,92844,23189,-0.000954142271630608,0.364813404417365,,,
92843,92843,46873,-0.0160339524499795,0.251332825590251,,,
92602,92602,23238,0.0424427013058135,0.846153846153846,,,
92649,92649,35278,0.0404820221202036,0.828636709824829,,,
92637,92637,16053,0.0351729558924925,0.766184310738766,,,
92629,92629,26877,0.021603191421253,0.6001523229246,,,
92692,92692,46800,0.0432411760203582,0.857578065498858,,,
92614,92614,27187,0.0396337597258644,0.82025894897182,,,
92870,92870,53600,0.0126747805386411,0.496572734196497,,,
92610,92610,16360,0.0324323830955303,0.728103579588728,,,
92530,92530,58184,-0.0260172339469262,0.191165270373191,,,
95648,95648,52949,0.0352898631603475,0.766945925361767,,,
95765,95765,39214,0.0462940145169519,0.881188118811881,,,
95677,95677,25477,0.0268485338025127,0.676313785224676,,,
95678,95678,42053,0.0157271558066979,0.536176694592536,,,
96122,96122,3266,0.0497100081927426,0.916222391469916,,,
92509,92509,81383,-0.0530067859166225,0.0868240670220868,,,
92879,92879,47872,-0.0297237838040725,0.166031987814166,,,
92881,92881,33531,0.0236637560676368,0.631378522467631,,,
92595,92595,33649,-0.00239115248097963,0.353389185072353,,,
92591,92591,41609,0.0133022268430196,0.504950495049505,,,
92223,92223,55580,0.0128437916280086,0.498095963442498,,,
92587,92587,17237,0.0195612660742984,0.578065498857578,,,
92028,92028,48173,-0.0223474679734197,0.214013709063214,,,
95818,95818,21625,0.0465424310694251,0.885757806549886,,,
95673,95673,16636,0.0103474687690932,0.46991622239147,,,
95632,95632,31911,0.0207140751731769,0.589489718202589,,,
95842,95842,33522,0.00790146614910407,0.452399086062452,,,
95841,95841,21229,0.0137623353340698,0.50952018278751,,,
92345,92345,82110,-0.00441184626074036,0.333587204874334,,,
91709,91709,80701,0.0350561548989615,0.764661081492765,,,
91761,91761,61425,-0.00343842067334244,0.347296268088347,,,
91764,91764,56677,-0.0426563204080403,0.114242193450114,,,
91737,91737,25154,0.0431196911170992,0.855293221629855,,,
91708,91708,4009,-0.00556075423008838,0.325209444021325,,,
92374,92374,43391,0.0166346438286064,0.546839299314547,,,
92408,92408,13635,-0.0468040682487348,0.101294744859101,,,
92376,92376,86085,-0.0572646597380389,0.0738766184310739,,,
92040,92040,46306,0.013920697730388,0.512566641279513,,,
92109,92109,47111,0.00474458327885598,0.428027418126428,,,
92116,92116,33408,-0.00435196668378359,0.334348819497334,,,
92117,92117,56983,0.0121740642470582,0.488194973343488,,,
91910,91910,74855,-0.00636202941402837,0.320639756283321,,,
92026,92026,50321,-0.0233135739505118,0.207159177456207,,,
92003,92003,5160,-0.0103172706531746,0.295506473724296,,,
92102,92102,44010,-0.086047738950493,0.0243716679360244,,,
92056,92056,52337,-0.00611636333104283,0.322162985529322,,,
92054,92054,41807,-0.0203779561050622,0.220868240670221,,,
94114,94114,34918,0.0550238302254534,0.95963442498096,,,
94110,94110,72380,0.0319014808517664,0.718202589489718,,,
95304,95304,14282,0.0246715719377686,0.645849200304646,,,
95205,95205,38350,-0.0541267938832885,0.083015993907083,,,
95361,95361,35308,0.0252926438106167,0.654226961157654,,,
93420,93420,30740,0.028064347021198,0.689261233815689,,,
93428,93428,5859,-0.00972002996440333,0.299314546839299,,,
94010,94010,42760,0.0376150651761775,0.798933739527799,,,
94015,94015,65041,0.0232761185250084,0.626047220106626,,,
94038,94038,3450,0.0346360153312572,0.755902513328256,,,
94020,94020,1697,0.0525479656355212,0.940594059405941,,,
93103,93103,20538,-0.0152301896510861,0.26047220106626,,,
93013,93013,16652,-0.00723642506433735,0.313785224676314,,,
93460,93460,5284,-0.000582227020626437,0.368621477532369,,,
94085,94085,23223,-0.00289596534524716,0.35034272658035,,,
95148,95148,48273,0.0359901394083781,0.774562071591775,,,
95127,95127,66256,0.014310086389689,0.518659558263519,,,
95119,95119,10027,0.0458334223865998,0.878141660319878,,,
95014,95014,61866,0.0553621420432278,0.962680883472963,,,
94043,94043,31161,0.0421725995317419,0.845392231530845,,,
95129,95129,39741,0.0411650986881957,0.837014470677837,,,
95128,95128,36975,-0.0077708906145475,0.310738766184311,,,
95117,95117,30369,-0.00173669919309152,0.36024371667936,,,
96003,96003,44328,0.0166298712913182,0.546077684691546,,,
96067,96067,7094,0.0324689290211437,0.728865194211729,,,
95403,95403,45096,0.0104042127897222,0.471439451637471,,,
95409,95409,27186,0.0426829926404807,0.851485148514851,,,
95326,95326,10147,0.0310992923725301,0.710586443259711,,,
95354,95354,24923,-0.00507198952883774,0.328255902513328,,,
96035,96035,3629,-0.013129711646722,0.271134805788271,,,
93261,93261,2434,-0.0192421969016563,0.226961157654227,,,
93615,93615,6347,-0.110619413877864,0.0099009900990099,,,
93265,93265,3379,-0.0200204521455261,0.222391469916222,,,
93221,93221,14129,-0.025591602048119,0.194211728865194,,,
93223,93223,10716,-0.03174119863377,0.156892612338157,,,
93258,93258,1952,-0.0283735437856878,0.175932977913176,,,
93010,93010,46063,0.0200940333057645,0.583396801218583,,,
93015,93015,17989,-0.0129957699445969,0.271896420411272,,,
93033,93033,84701,-0.152733573143836,0.00380807311500381,,,
93030,93030,58422,-0.108536382308819,0.0106626047220107,,,
95605,95605,14493,0.0126554226785226,0.495049504950495,,,
94605,94605,43399,0.00064872813521758,0.381568926123382,,,
94502,94502,14701,0.0529666976063306,0.944402132520944,,,
94709,94709,11951,0.0498496477920711,0.916984006092917,,,
94536,94536,74837,0.0554803021419676,0.963442498095963,,,
94538,94538,67474,0.0537412351317472,0.95049504950495,,,
94541,94541,65928,0.0257051202244333,0.661843107387662,,,
94546,94546,44378,0.0425975956763394,0.846915460776847,,,
94505,94505,16382,0.0532078632667811,0.946686976389947,,,
95640,95640,11598,0.0321088766119055,0.722772277227723,,,
95917,95917,3717,0.0122994972842192,0.49047981721249,,,
95222,95222,5029,0.0157894061528953,0.537699923838538,,,
94598,94598,27831,0.0490059598832107,0.907844630616908,,,
94523,94523,35005,0.0409941751956649,0.835491241431836,,,
94597,94597,23108,0.0495732060507174,0.913937547600914,,,
95219,95219,29270,0.0379992309663728,0.801980198019802,,,
94547,94547,25616,0.0383325045836744,0.807311500380807,,,
93640,93640,12920,-0.121608207369211,0.00837776085300838,,,
93609,93609,5177,-0.0369213595509946,0.137090632140137,,,
93619,93619,39473,0.0433460169375455,0.858339680121858,,,
93721,93721,7650,-0.0714476982574683,0.0464584920030465,,,
93675,93675,3905,-0.0376463073484948,0.133282559025133,,,
95963,95963,15492,-0.0219871318508859,0.215536938309216,,,
95951,95951,2686,-0.0226818341766097,0.210967250571211,,,
95536,95536,2899,-0.00398656306949334,0.344249809596344,,,
92251,92251,23970,-0.0107134917155913,0.290936785986291,,,
92250,92250,8655,-0.00428629000112523,0.335110434120335,,,
93203,93203,22662,-0.046513768336384,0.102056359482102,,,
93523,93523,3556,0.0653397523707956,0.996953541507997,,,
93505,93505,13774,0.0172056923588338,0.552932216298553,,,
93263,93263,22210,-0.0197808525894465,0.223914699162224,,,
95458,95458,2960,-0.0214460049703616,0.217060167555217,,,
91208,91208,15860,0.039894432162609,0.822543792840823,,,
91405,91405,55506,-0.0597206126759638,0.067022086824067,,,
91406,91406,54890,-0.0305388359627822,0.160700685453161,,,
91754,91754,33636,0.00804591514153723,0.454683929931455,,,
91356,91356,29822,0.0267489396089477,0.674790555978675,,,
93536,93536,70237,0.0317974711251163,0.716679360243717,,,
91303,91303,31586,-0.0717448879463622,0.0441736481340442,,,
91505,91505,30902,0.017386267022716,0.554455445544555,,,
91301,91301,26334,0.0341319519094796,0.748667174409749,,,
91362,91362,36604,0.0356514802498715,0.769230769230769,,,
90265,90265,17954,0.0334201508370703,0.743335872048743,,,
90221,90221,51688,-0.052963853974814,0.0875856816450876,,,
90242,90242,42694,-0.0206821232340473,0.219345011424219,,,
91790,91790,45444,0.017085853097536,0.550647372429551,,,
91706,91706,76930,-0.0292729005589807,0.172886519421173,,,
91767,91767,50606,-0.0226977839441403,0.209444021325209,,,
91740,91740,25877,0.0224197102458771,0.612338156892612,,,
90301,90301,38234,-0.0373472844882621,0.134805788271135,,,
90504,90504,33410,0.0154627693536481,0.533130236100533,,,
90814,90814,19685,0.0447293296816251,0.871287128712871,,,
91302,91302,26712,0.0448967429469449,0.872810357958873,,,
90006,90006,59576,-0.167929418751636,0.00228484386900229,,,
90065,90065,46461,-0.0262462737465919,0.188118811881188,,,
91205,91205,37638,-0.010480393389542,0.291698400609292,,,
91203,91203,15410,-0.018680002090091,0.234577303884235,,,
91343,91343,66743,-0.0356728825120441,0.143945163747144,,,
90037,90037,67640,-0.0916959509337969,0.0175171363290175,,,
90712,90712,31217,0.0396473342035733,0.821020563594821,,,
90740,90740,24307,0.0285005581268644,0.693069306930693,,,
90034,90034,53861,0.00211474163409024,0.397562833206398,,,
90094,90094,9827,0.0351617029032956,0.765422696115765,,,
91326,91326,36339,0.0325206601234742,0.73038842345773,,,
90266,90266,35500,0.0536474488938803,0.94973343488195,,,
91733,91733,45365,-0.0678564416806321,0.0502665651180503,,,
94901,94901,41713,-0.00174472868796303,0.359482102056359,,,
94925,94925,9838,0.0506026249161385,0.926884996191927,,,
94960,94960,15868,0.0565576744654082,0.971820258948972,,,
94930,94930,8728,0.0494497744906372,0.91012947448591,,,
93635,93635,41180,-0.0076381835543986,0.311500380807312,,,
95348,95348,34002,0.0132327057715186,0.503427265803503,,,
95315,95315,14520,-0.0167157605981743,0.244478293983244,,,
93921,93921,3316,0.0543491008266268,0.955064737242955,,,
93925,93925,2073,-0.00568057612990782,0.322924600152323,,,
93906,93906,64348,-0.0372779437983344,0.135567402894136,,,
95004,95004,4218,0.0107891936771065,0.473724295506474,,,
93924,93924,6514,0.00714534520971328,0.446306169078446,,,
93451,93451,4477,-0.0104337625911817,0.292460015232292,,,
92821,92821,37712,0.022376468041622,0.611576542269612,,,
90720,90720,22261,0.0323437763579059,0.726580350342727,,,
92845,92845,16273,0.0380899028031052,0.805788271134806,,,
92807,92807,35687,0.0343424782900816,0.751713632901752,,,
92835,92835,23528,0.0358408012193805,0.772277227722772,,,
92701,92701,55058,-0.127267595718664,0.00533130236100533,,,
92663,92663,21951,0.0349508846846921,0.761614623000762,,,
92887,92887,20012,0.0583503323909855,0.977913175932978,,,
92861,92861,5822,0.0494953179451669,0.910891089108911,,,
92662,92662,2519,0.0417070780920466,0.840822543792841,,,
95722,95722,5123,0.0549771084245271,0.958872810357959,,,
95663,95663,2493,0.0380362693942768,0.804265041888804,,,
95626,95626,6065,0.0236929386877055,0.632140137090632,,,
92583,92583,32697,-0.0325736769119359,0.153846153846154,,,
92211,92211,25056,0.00738091817084073,0.447829398324448,,,
92882,92882,73250,-0.023500371820093,0.204874333587205,,,
92584,92584,54235,0.0253774558407389,0.656511805026657,,,
92507,92507,59152,-0.0358342603238679,0.141660319878142,,,
95757,95757,50727,0.0515506500348727,0.932977913175933,,,
95831,95831,43094,0.0374505068458994,0.797410510281797,,,
95823,95823,79440,-0.00708026064565199,0.315308453922315,,,
95693,95693,7037,0.0433576763159339,0.859101294744859,,,
95827,95827,20666,0.0134325368584973,0.506473724295507,,,
95835,95835,40170,0.0269301532328437,0.677075399847677,,,
92310,92310,9872,0.0533742779775778,0.947448591012947,,,
91784,91784,26090,0.046394999561921,0.883472962680883,,,
92335,92335,99306,-0.0700463713100458,0.0472201066260472,,,
92407,92407,68545,-0.0158241251948527,0.253617669459254,,,
92354,92354,22050,0.0130462584520171,0.5003808073115,,,
92256,92256,3100,0.0126577600283543,0.495811119573496,,,
92120,92120,30550,0.0263346037234697,0.669459253617669,,,
92130,92130,56134,0.0502493766812109,0.923838537699924,,,
91911,91911,84026,-0.0166686337961634,0.246001523229246,,,
92029,92029,19382,0.0159665207017126,0.53998476770754,,,
91962,91962,2106,0.0344616424748581,0.753236862147753,,,
94107,94107,31461,0.0458426156955727,0.878903274942879,,,
94133,94133,26796,0.0315637776573304,0.713632901751714,,,
95376,95376,55655,0.0065623624738492,0.441736481340442,,,
95207,95207,52269,-0.00211231760445682,0.354912414318355,,,
95204,95204,28667,0.0184146869573208,0.565879664889566,,,
95202,95202,6066,-0.0147809072655991,0.264280274181264,,,
93422,93422,33466,0.0203481550333943,0.587204874333587,,,
94061,94061,39023,0.0187994390003416,0.571972581873572,,,
94027,94027,7415,0.0618194202942049,0.988575780654989,,,
94080,94080,67600,0.0288500302216743,0.694592536176695,,,
94066,94066,43101,0.0317376082878839,0.715156130997715,,,
94044,94044,38984,0.0426695459602298,0.850723533891851,,,
94014,94014,49170,0.030019961535078,0.703731911652704,,,
93436,93436,56323,-0.0266505843334735,0.186595582635187,,,
93108,93108,10401,0.0401683808336731,0.826351865955826,,,
93437,93437,3387,0.0671807149232483,0.999238385376999,,,
95037,95037,51994,0.0359018275145885,0.773038842345773,,,
95008,95008,46352,0.0322345894230055,0.725818735719726,,,
95134,95134,29349,0.0452074700017853,0.874333587204874,,,
95139,95139,7363,0.0486040672602831,0.901751713632902,,,
95065,95065,8491,0.0184088516576356,0.565118050266565,,,
96013,96013,4819,0.0149632629818274,0.525514089870526,,,
96073,96073,3980,0.0234225602211327,0.627570449352628,,,
96064,96064,4533,0.0197967190678041,0.581873571972582,,,
95492,95492,29271,0.0350502972392467,0.763899466869764,,,
94928,94928,44323,0.014483697989284,0.520944402132521,,,
95363,95363,27908,0.00672385083010034,0.443259710586443,,,
95307,95307,46283,0.0109797494553673,0.477532368621478,,,
95355,95355,59621,0.024968081541236,0.648134044173648,,,
95368,95368,14041,0.037152646468045,0.790555978674791,,,
95991,95991,40861,-0.0123123417897921,0.275704493526276,,,
95993,95993,37077,0.00499778853753136,0.431073876618431,,,
93277,93277,52271,0.0214000958956413,0.598629093678599,,,
93292,93292,42031,0.0118442814229043,0.487433358720487,,,
93286,93286,9906,-0.0273370314504932,0.184310738766184,,,
93272,93272,4707,-0.0470561953426056,0.100533130236101,,,
93040,93040,1827,-0.0323012030603706,0.154607768469155,,,
93060,93060,33773,-0.0418968373599963,0.115003808073115,,,
93065,93065,71832,0.0251139022878421,0.651180502665651,,,
91377,91377,13853,0.0493804090880291,0.909367859862909,,,
94704,94704,29597,0.0566191948407221,0.972581873571973,,,
94552,94552,14938,0.0560888854658995,0.968773800456969,,,
94578,94578,41865,0.0162668771564582,0.543031226199543,,,
94566,94566,45893,0.0484535724339972,0.9002284843869,,,
94603,94603,35862,-0.0263769063025536,0.187357197258187,,,
94612,94612,15785,0.0103659037953179,0.470677837014471,,,
94706,94706,21218,0.0477017468107886,0.894897182025895,,,
95642,95642,7101,0.0255432951418231,0.658796648895659,,,
95938,95938,4446,0.037226366666676,0.792079207920792,,,
95247,95247,4024,0.0229908420717428,0.621477532368621,,,
95912,95912,5380,-0.0587522606358784,0.0685453160700685,,,
94564,94564,19260,0.0227226556360353,0.616146230007616,,,
95531,95531,23737,0.0113460385531234,0.482863670982483,,,
95684,95684,3129,-0.00481079097876476,0.330540746382331,,,
95633,95633,4188,0.018583637627977,0.568926123381569,,,
93662,93662,30725,-0.0530118958484116,0.0860624523990861,,,
93654,93654,30373,-0.0367121919919586,0.138613861386139,,,
93710,93710,33448,0.0104526049570341,0.472201066260472,,,
93727,93727,84449,0.00144997574006673,0.388423457730388,,,
93730,93730,12770,0.0496836531891023,0.915460776846916,,,
95988,95988,8298,0.00119999308683739,0.386138613861386,,,
95519,95519,19763,0.0212059441276008,0.596344249809596,,,
95542,95542,1871,-0.0824556057976514,0.0327494287890328,,,
92231,92231,40064,-0.0168845089061665,0.243716679360244,,,
93306,93306,72280,-0.0116995420807497,0.283320639756283,,,
93312,93312,61628,0.0325361538165656,0.731150038080731,,,
93285,93285,2477,0.0483681450217259,0.899466869763899,,,
93250,93250,16191,-0.00401381248515509,0.343488194973343,,,
93225,93225,4782,-0.0239154350277308,0.201827875095202,,,
93222,93222,1583,-0.0305265915556737,0.162223914699162,,,
93212,93212,23357,-0.0170815149962592,0.242193450114242,,,
93204,93204,12961,-0.0838704483316566,0.0289413556740289,,,
91501,91501,20511,0.0220730237922397,0.607768469154608,,,
91335,91335,81824,-0.0176033101534364,0.240670220868241,,,
91801,91801,54768,0.0183698884595253,0.564356435643564,,,
91803,91803,29567,0.0170474386192914,0.54988575780655,,,
91201,91201,23281,-0.00374953515666006,0.345773038842346,,,
91502,91502,10708,0.00170521695185782,0.392231530845392,,,
91401,91401,39755,-0.0294852032599873,0.16984006092917,,,
91316,91316,30499,0.0141362603927992,0.514851485148515,,,
91506,91506,18591,0.0186467372581793,0.56968773800457,,,
90502,90502,17778,-0.00817646097397568,0.309215536938309,,,
90262,90262,70536,-0.0775086396346115,0.0380807311500381,,,
90703,90703,50589,0.029674944698528,0.702208682406702,,,
91744,91744,85421,-0.0491521079422721,0.0944402132520944,,,
90304,90304,25946,-0.0955366767316993,0.0152322924600152,,,
90802,90802,38962,-0.0123836970602528,0.274942878903275,,,
90815,90815,41312,0.0438560380952288,0.862909367859863,,,
91010,91010,26380,-0.00826178476865004,0.307692307692308,,,
90302,90302,30017,-0.0378962863700349,0.129474485910129,,,
90012,90012,36552,-0.0200319584275776,0.221629855293222,,,
90014,90014,8688,-0.0241535559492448,0.201066260472201,,,
91321,91321,34014,-0.0190518232190873,0.230769230769231,,,
90280,90280,94642,-0.0689314165317639,0.0487433358720487,,,
91104,91104,37874,0.000833793038907872,0.382330540746382,,,
91105,91105,12617,0.0332876144382566,0.741812642802742,,,
91214,91214,30787,0.0364027169039927,0.779131759329779,,,
91202,91202,23345,0.0165832243334456,0.545316070068545,,,
91304,91304,54361,-0.0191901829989524,0.228484386900228,,,
90042,90042,63193,-0.0244039702839773,0.198781416603199,,,
90041,90041,29090,0.0139746260020092,0.513328255902513,,,
90291,90291,26950,0.00986703651199975,0.464584920030465,,,
90064,90064,25925,0.0474700464863341,0.892612338156893,,,
90067,90067,2428,0.0399454747523242,0.824067022086824,,,
90018,90018,53490,-0.0683391024376751,0.0495049504950495,,,
91345,91345,19145,-0.00728485261020483,0.312261995430312,,,
90245,90245,16731,0.0446769193348144,0.870525514089871,,,
90255,90255,75019,-0.0906328035986667,0.0198019801980198,,,
90270,90270,27287,-0.0825729025720343,0.031987814166032,,,
90630,90630,49205,0.022819764719676,0.617669459253618,,,
90623,90623,15662,0.0254503890776198,0.657273419649657,,,
93636,93636,13255,0.0228478921885613,0.618431073876618,,,
95311,95311,1893,-0.0238740638192473,0.202589489718203,,,
95490,95490,12975,0.00976432048655067,0.463061690784463,,,
95482,95482,31482,-0.0191258197505822,0.23000761614623,,,
95365,95365,4775,-0.0296608597838939,0.166793602437167,,,
95076,95076,86905,-0.0103539103305681,0.294744859101295,,,
93950,93950,15547,0.0291149002853201,0.697638994668698,,,
94559,94559,27593,-0.00792571544247631,0.30997715156131,,,
95946,95946,8977,0.000441522589462691,0.377760853008378,,,
92683,92683,91105,0.00663582475800214,0.442498095963442,,,
92626,92626,50605,0.00625379028134948,0.438690022848439,,,
92679,92679,32657,0.0555311436784463,0.964965727341965,,,
92832,92832,25837,-0.00414401028115449,0.338156892612338,,,
92782,92782,23084,0.0347514836022648,0.758568164508759,,,
95746,95746,23934,0.0535397267740065,0.948210205635948,,,
92880,92880,69656,0.0198480384446777,0.582635186595583,,,
92562,92562,64286,0.0124632206733025,0.491241431835491,,,
92539,92539,4557,-0.0111959403986739,0.287128712871287,,,
91752,91752,35694,-0.0154391464100028,0.256664127951257,,,
92585,92585,21907,-0.0112109291450589,0.286367098248286,,,
92553,92553,76102,-0.0504141022387717,0.0936785986290937,,,
92505,92505,53282,-0.0211794204120303,0.218583396801219,,,
92508,92508,38428,0.0216622214474293,0.601675552170602,,,
95838,95838,39053,-0.00493439991989096,0.329017517136329,,,
95817,95817,13758,0.0208707273790971,0.594059405940594,,,
95815,95815,25673,-0.0282705607513791,0.176694592536177,,,
95816,95816,17199,0.0330023489021498,0.737242955064737,,,
95624,95624,65948,0.0457623437020963,0.876618431073877,,,
94571,94571,10605,0.0343028370463287,0.75019040365575,,,
95742,95742,12472,0.0442086164426135,0.864432597105864,,,
95621,95621,41740,0.0218050867228346,0.603960396039604,,,
95825,95825,37473,-0.00694671782997241,0.317593297791318,,,
95045,95045,4217,0.0172020432104016,0.552170601675552,,,
92356,92356,6573,0.00245799316825481,0.400609291698401,,,
91730,91730,72407,0.0187513557908718,0.571210967250571,,,
91762,91762,61718,-0.0294997738470385,0.169078446306169,,,
91763,91763,38863,-0.0409094156644051,0.12033511043412,,,
91739,91739,39875,0.0354990164370231,0.767707539984768,,,
92363,92363,5348,0.0155614596986754,0.534653465346535,,,
92411,92411,25650,-0.072599486320519,0.0426504188880426,,,
92316,92316,28704,-0.0275482559865581,0.182787509520183,,,
92391,92391,1959,-0.0919722268928626,0.0167555217060168,,,
92122,92122,48071,0.020808658003833,0.593297791317593,,,
92126,92126,82658,0.0231451761405325,0.624523990860624,,,
91942,91942,40151,0.015261217779268,0.528560548362529,,,
91950,91950,62859,-0.0414670535365189,0.118050266565118,,,
92007,92007,11417,0.00824869339502435,0.456207159177456,,,
94118,94118,42095,0.0495216672871498,0.911652703731912,,,
94116,94116,47346,0.0492779136390671,0.908606245239909,,,
94123,94123,25890,0.064036819692073,0.993145468392993,,,
95209,95209,44980,0.0367027719428029,0.783701447067784,,,
95231,95231,5165,-0.0187492004552896,0.233815689261234,,,
95337,95337,39177,0.0330064744289738,0.738004569687738,,,
95366,95366,17909,0.0220566589549711,0.607006854531607,,,
93445,93445,7106,-0.0406254426880703,0.121858339680122,,,
93453,93453,2578,0.0574849042751021,0.976389946686976,,,
93465,93465,9202,0.0489237496366264,0.906321401370906,,,
94063,94063,34867,-0.0212888975118359,0.217821782178218,,,
94402,94402,25703,0.0572565919154462,0.974105102817974,,,
94005,94005,4697,0.056460527993779,0.971058644325971,,,
95110,95110,19928,-0.0146386405993272,0.265041888804265,,,
95070,95070,31196,0.0643382977045329,0.994668697638995,,,
95131,95131,31236,0.0436421100491364,0.860624523990861,,,
95054,95054,24524,0.0537846833452683,0.951256664127951,,,
94089,94089,22882,0.0473022029166937,0.891089108910891,,,
95005,95005,7661,0.0426562479584343,0.84996191926885,,,
95006,95006,9632,0.0319626691903264,0.721249047981721,,,
95066,95066,15341,0.0541678568931898,0.952779893373953,,,
96088,96088,4690,0.0248940926501748,0.647372429550647,,,
96022,96022,16253,0.0229205482753343,0.61995430312262,,,
96027,96027,2327,0.0429784252485176,0.854531607006854,,,
94591,94591,55157,0.0349437772533368,0.760853008377761,,,
95694,95694,10495,0.0189927455752757,0.574257425742574,,,
95382,95382,38700,0.0279882431274245,0.688499619192689,,,
95316,95316,7022,0.0395611925248993,0.817974105102818,,,
95386,95386,10557,0.0253393510104947,0.654988575780655,,,
96041,96041,2934,-0.100271318717545,0.0129474485910129,,,
93291,93291,59270,-0.00916090570439003,0.305407463823305,,,
93271,93271,2479,0.0174942819508212,0.555217060167555,,,
93003,93003,51629,0.0262526688887084,0.666412795125666,,,
93041,93041,24208,-0.0360635300031346,0.140898705255141,,,
94609,94609,23726,0.0218153719851824,0.604722010662605,,,
94606,94606,38220,-0.00265596551584879,0.352627570449353,,,
94702,94702,16860,0.0405673937244767,0.829398324447829,,,
94539,94539,54982,0.0564434186504953,0.97029702970297,,,
94588,94588,37253,0.0563171570968694,0.96953541507997,,,
94568,94568,55608,0.0495786723899188,0.914699162223915,,,
94610,94610,31936,0.0435161886455363,0.85986290936786,,,
94707,94707,11767,0.0612935630930487,0.986290936785986,,,
95685,95685,4665,0.0301112296199057,0.705255140898705,,,
95666,95666,5164,-0.00449588732991234,0.332063975628332,,,
95966,95966,29860,0.00200672526425177,0.394516374714394,,,
95965,95965,20498,0.0161153942446688,0.540746382330541,,,
95973,95973,36682,0.0250190676883508,0.64965727341965,,,
95987,95987,5950,-0.0458649950472235,0.104341203351104,,,
94582,94582,42576,0.0598508820906754,0.982482863670982,,,
94521,94521,43281,0.0476049536036689,0.893373952779893,,,
95726,95726,8449,0.0518911186610441,0.935262757044935,,,
95709,95709,5498,0.0326111942461936,0.732673267326733,,,
95623,95623,3665,0.0374225363087129,0.795887281035796,,,
93631,93631,16282,-0.00958293331065393,0.300837776085301,,,
93651,93651,1798,0.00199894633772077,0.393754760091394,,,
93602,93602,3530,-0.00190841998712435,0.357958872810358,,,
93711,93711,38007,0.0239438708792731,0.635186595582635,,,
93722,93722,84621,0.00482925656723464,0.43031226199543,,,
93626,93626,2427,0.0177923336201492,0.559025133282559,,,
92004,92004,2299,0.0517376208009605,0.934501142421934,,,
92273,92273,2010,-0.0242704600766576,0.1995430312262,,,
93514,93514,14175,0.0144575359520116,0.52018278750952,,,
93309,93309,58538,-0.00413767770664262,0.338918507235339,,,
93313,93313,55221,0.00196327533984237,0.392993145468393,,,
93206,93206,1704,0.0146453818410565,0.522467631378522,,,
95423,95423,3751,0.0169412040863725,0.549124143183549,,,
95457,95457,3227,0.00645705296200054,0.440974866717441,,,
91775,91775,25004,0.0207666916641322,0.591774562071592,,,
91364,91364,27971,0.0281844645924489,0.69002284843869,,,
90746,90746,27075,0.01626645904756,0.542269611576542,,,
90061,90061,27873,-0.0577779518084144,0.0715917745620716,,,
91745,91745,55202,0.0101644373043133,0.467631378522468,,,
90044,90044,99443,-0.0623067820645276,0.0624523990860625,,,
90808,90808,39330,0.0429676578698748,0.853769992383854,,,
90031,90031,39916,-0.0526075028620205,0.0891089108910891,,,
90211,90211,8019,0.0371531682090804,0.791317593297791,,,
90048,90048,21489,0.0357369177057252,0.770753998476771,,,
90057,90057,50152,-0.20038308980199,0.000761614623000762,,,
90036,90036,37965,0.0179245578720382,0.560548362528561,,,
90710,90710,28045,-0.0357796869011791,0.143183549124143,,,
90717,90717,21508,0.00230369035720399,0.3998476770754,,,
90670,90670,16700,0.00534908740213874,0.433358720487433,,,
91101,91101,21395,0.0222859634520211,0.610814927646611,,,
91011,91011,20301,0.0472396787483661,0.88956587966489,,,
91403,91403,25156,0.0348423509705454,0.759329779131759,,,
91207,91207,11031,0.0276604196260384,0.683168316831683,,,
91331,91331,105458,-0.0535759382596901,0.0837776085300838,,,
91325,91325,34575,-0.000590501305123432,0.367859862909368,,,
90077,90077,8382,0.0498825526084844,0.919268849961919,,,
90731,90731,60659,-0.0254500448865543,0.196496572734196,,,
90066,90066,59167,-0.00990710239347199,0.297791317593298,,,
90007,90007,42433,-0.0480429418345771,0.0974866717440975,,,
90807,90807,32202,0.0195665668863822,0.578827113480579,,,
90011,90011,111165,-0.122582672674913,0.00685453160700685,,,
90063,90063,53980,-0.056826483481665,0.0746382330540746,,,
91342,91342,94595,-0.0153568912329238,0.258187357197258,,,
91042,91042,26966,0.00298283725664179,0.408987052551409,,,
93543,93543,14392,-0.00407733619381056,0.34044173648134,,,
93553,93553,1709,-0.0623652433924588,0.0616907844630617,,,
90040,90040,12328,-0.0485162569371788,0.0967250571210967,,,
91007,91007,34116,0.021772508709158,0.603198781416603,,,
90604,90604,42911,-0.00529341668198332,0.327494287890327,,,
90660,90660,63001,-0.0181129787341699,0.237623762376238,,,
90631,90631,69064,-0.0124368816639454,0.274181264280274,,,
93601,93601,1674,0.0224693912466947,0.613861386138614,,,
94947,94947,25867,0.0336683254773308,0.746382330540746,,,
94952,94952,35503,0.0257203659265383,0.662604722010663,,,
95334,95334,17057,-0.0346362499151686,0.146230007616146,,,
95388,95388,14116,-0.0276873070100642,0.181264280274181,,,
95360,95360,13278,0.0241849004195442,0.640517897943641,,,
95380,95380,42866,0.00983078661810469,0.463823305407464,,,
95324,95324,8380,0.00412172962742527,0.422696115765423,,,
93546,93546,9591,-0.0885693191194248,0.0213252094440213,,,
93960,93960,26966,0.00151025663623518,0.38994668697639,,,
93926,93926,9171,-0.0427922148685736,0.112718964204113,,,
95012,95012,10780,-0.0351993324986908,0.145468392993145,,,
94558,94558,68315,0.0188394442367403,0.572734196496573,,,
94515,94515,7491,0.00410827187512174,0.421934501142422,,,
92868,92868,27072,-0.00695664687026479,0.316831683168317,,,
92808,92808,20483,0.0483371223804007,0.898705255140899,,,
92604,92604,28990,0.0243238051596876,0.642802741812643,,,
92618,92618,48997,0.03208927928666,0.722010662604722,,,
92630,92630,59403,0.0109023365214427,0.476009139375476,,,
92653,92653,30012,0.032766408425234,0.734958111195735,,,
92780,92780,59499,-0.0176742865113462,0.239146991622239,,,
92657,92657,9802,0.0585397470505267,0.978674790555979,,,
96145,96145,2147,0.00206879178039484,0.396039603960396,,,
92262,92262,28618,-0.0176160888877883,0.23990860624524,,,
92270,92270,18193,0.0224831168671717,0.615384615384615,,,
92253,92253,40929,-0.00203794620901807,0.357197258187357,,,
92236,92236,45477,-0.060152060900998,0.0662604722010663,,,
92555,92555,44452,0.00332831614620188,0.415079969535415,,,
92536,92536,3076,-0.00155177434402194,0.361005331302361,,,
92570,92570,60686,-0.0509417391788469,0.0929169840060929,,,
92220,92220,33525,-0.0131813484282316,0.26961157654227,,,
92277,92277,23172,0.0300599650260716,0.704493526275704,,,
95758,95758,65811,0.0443125658120091,0.865955826351866,,,
95690,95690,2215,0.00465007857215104,0.426504188880427,,,
95829,95829,28264,0.0358024918499399,0.771515613099772,,,
95821,95821,35812,0.0130181733617325,0.4996191926885,,,
95683,95683,6326,0.0653203905588026,0.996191926884996,,,
95023,95023,53423,-0.00308599572210482,0.348057882711348,,,
92395,92395,43908,-0.0131362104630775,0.27037319116527,,,
92308,92308,42207,0.0214400799133472,0.599390708301599,,,
92371,92371,18269,-0.00623058248978181,0.321401370906321,,,
92382,92382,4462,0.00369091177347354,0.418888042650419,,,
92284,92284,26182,0.00290088584353115,0.407463823305407,,,
92285,92285,2430,-0.0129703486194884,0.272658035034273,,,
92404,92404,62915,-0.0305311658644226,0.161462300076161,,,
92352,92352,5578,-0.0670072610643578,0.0525514089870526,,,
92064,92064,49805,0.0380170549801724,0.803503427265803,,,
92025,92025,52985,-0.0654951110128155,0.0563594821020564,,,
92124,92124,32600,0.0488447774724754,0.904798172124905,,,
91941,91941,31918,0.0232469977279861,0.625285605483625,,,
91902,91902,18896,0.0341304759289608,0.747905559786748,,,
92061,92061,2660,-0.0546296414141244,0.0792079207920792,,,
92036,92036,2593,0.0190310265896939,0.575019040365575,,,
92008,92008,27151,0.00273192655107381,0.405940594059406,,,
92081,92081,29596,0.00769088026476184,0.45011424219345,,,
94132,94132,31436,0.026806876627621,0.675552170601676,,,
94158,94158,8455,0.047807013084824,0.895658796648896,,,
94103,94103,30703,0.0442717907671361,0.865194211728865,,,
94122,94122,62128,0.0451079839253251,0.873571972581874,,,
95212,95212,29426,0.0255989123983267,0.65955826351866,,,
95330,95330,22760,0.00599119468175115,0.437166793602437,,,
93402,93402,16562,0.00132513721503102,0.386900228484387,,,
93454,93454,40432,-0.084437865662614,0.0274181264280274,,,
94403,94403,44408,0.0391829418608874,0.815689261233816,,,
93440,93440,1659,0.0135358612915602,0.507996953541508,,,
93110,93110,16849,0.0366934776759879,0.782939832444783,,,
93434,93434,7451,-0.0303785070165507,0.163747143945164,,,
93101,93101,31371,-0.0644658918860094,0.0586443259710586,,,
95032,95032,26047,0.0575957320796858,0.977151561309977,,,
95112,95112,62228,0.00795283579741106,0.453160700685453,,,
95035,95035,79655,0.0513462460669134,0.930693069306931,,,
95126,95126,36206,0.025451560809384,0.658035034272658,,,
95113,95113,2107,0.0253652885771779,0.655750190403656,,,
94022,94022,19406,0.0613056762128391,0.987052551408987,,,
95003,95003,25185,0.0514197615461902,0.932216298552932,,,
95010,95010,8856,0.00742710060501599,0.448591012947449,,,
96094,96094,6611,0.0152653933001417,0.529322162985529,,,
94510,94510,28350,0.0520879952414183,0.937547600913938,,,
95446,95446,5168,0.0124791818787363,0.492003046458492,,,
95442,95442,3213,0.0389026031335507,0.813404417364813,,,
94931,94931,8926,0.0408454831098598,0.831683168316832,,,
95436,95436,6240,0.0111686124038838,0.47981721249048,,,
95357,95357,11765,0.0213733206045327,0.597867479055598,,,
95356,95356,32622,0.0260148317524979,0.665651180502666,,,
95953,95953,10925,-0.015001828266796,0.262757044935263,,,
95982,95982,3259,0.0349803777961342,0.763137852246763,,,
93257,93257,76519,-0.0101740439595441,0.297029702970297,,,
93247,93247,18234,-0.0274515197669159,0.183549124143184,,,
93021,93021,38581,0.0235503281664901,0.62985529322163,,,
91320,91320,44968,0.0242827229595382,0.642041127189642,,,
91360,91360,43121,0.0142352385217436,0.515613099771516,,,
93035,93035,29354,0.00567302979018664,0.436405178979436,,,
95937,95937,1540,-0.0110802131350949,0.287890327494288,,,
94544,94544,79747,0.0319513996685023,0.72048743335872,,,
94545,94545,32724,0.0231172082158498,0.623762376237624,,,
94618,94618,17252,0.0630156946044366,0.99009900990099,,,
95665,95665,4303,0.0568900437913915,0.973343488194973,,,
94565,94565,97671,-0.00636776012346607,0.31987814166032,,,
94519,94519,20041,0.0251998940412412,0.652703731911653,,,
95667,95667,36487,0.0240451070351121,0.638233054074638,,,
96150,96150,29327,-0.0110249946315582,0.288651942117289,,,
93657,93657,35666,-0.0116460246621803,0.284082254379284,,,
93720,93720,47081,0.0326279878169586,0.733434881949733,,,
95540,95540,14196,-0.0315300562622891,0.159177456207159,,,
95562,95562,3401,0.0331464506869258,0.74028941355674,,,
95573,95573,1568,-0.0585115654103944,0.0700685453160701,,,
95521,95521,21068,0.00798884044567634,0.453922315308454,,,
92249,92249,7861,-0.0278925051882706,0.180502665651181,,,
92225,92225,22460,-0.0221477797329522,0.214775323686215,,,
93301,93301,12325,-0.00147524481445014,0.361766945925362,,,
93304,93304,49115,-0.0261168841312244,0.18964204112719,,,
93501,93501,4802,-0.00206850782992226,0.355674028941356,,,
93241,93241,16397,-0.06642747803377,0.0555978674790556,,,
93283,93283,2261,-0.0272426568281913,0.185833968012186,,,
93243,93243,1532,-0.0258098442415853,0.193450114242193,,,
93230,93230,67605,0.00417430467750824,0.423457730388423,,,
95469,95469,1911,-0.0160940155490388,0.24980959634425,,,
96137,96137,3252,0.0319335939895498,0.718964204112719,,,
91776,91776,38664,-0.00660889546860471,0.318354912414318,,,
90745,90745,56930,0.0000884328497439584,0.373952779893374,,,
90601,90601,32053,0.0124885838565246,0.492764661081493,,,
90247,90247,48293,-0.0305117272064275,0.162985529322163,,,
90260,90260,34827,-0.0433320905923822,0.11043412033511,,,
90806,90806,41990,-0.0371331380067621,0.136329017517136,,,
90222,90222,33200,-0.0547302954951253,0.0784463061690785,,,
90813,90813,58380,-0.078453185281865,0.0373191165270373,,,
90272,90272,21629,0.0593244324665854,0.98019801980198,,,
90025,90025,46883,0.0176342843246094,0.557501904036558,,,
90017,90017,27723,-0.182639987099192,0.00152322924600152,,,
90038,90038,28580,-0.0865037911368044,0.0228484386900229,,,
90046,90046,50900,0.0135232816541526,0.507235338918507,,,
90029,90029,36668,-0.0667863709708559,0.0533130236100533,,,
91204,91204,18723,-0.0296370240103915,0.167555217060168,,,
91436,91436,15292,0.0380955719079681,0.806549885757807,,,
90027,90027,44770,0.0024658771138546,0.401370906321401,,,
90021,90021,2945,-0.0491253018192388,0.0952018278750952,,,
90715,90715,20256,-0.00925144219953652,0.304645849200305,,,
90212,90212,13314,0.0321831203061664,0.724295506473724,,,
93510,93510,7644,0.0190638288858567,0.575780654988576,,,
90254,90254,19539,0.0464960254954541,0.884996191926885,,,
90603,90603,21584,0.0388306256945478,0.812642802741813,,,
93610,93610,22724,-0.0294740734181996,0.170601675552171,,,
94965,94965,11394,0.0502489272879799,0.923076923076923,,,
94941,94941,32009,0.0611717246826783,0.985529322162985,,,
95338,95338,10827,0.0133796222263466,0.505712109672506,,,
95329,95329,2570,0.0138576886649034,0.511805026656512,,,
95445,95445,2257,-0.011821369341513,0.281035795887281,,,
95454,95454,2107,-0.05328725313166,0.0853008377760853,,,
95374,95374,1682,-0.0318582645755758,0.156130997715156,,,
93908,93908,12398,0.0375202466343305,0.798172124904798,,,
93927,93927,18812,-0.0543035820717971,0.0814927646610815,,,
93930,93930,17067,-0.0725435319466881,0.0434120335110434,,,
93905,93905,60531,-0.12595655287868,0.00609291698400609,,,
95959,95959,18343,-0.0192348528152881,0.227722772277228,,,
95975,95975,1877,-0.0259850898804764,0.191926884996192,,,
95945,95945,25381,0.00450005666466692,0.425742574257426,,,
95949,95949,21036,0.0292199245771834,0.699162223914699,,,
90680,90680,30531,-0.0154960129243036,0.255902513328256,,,
92802,92802,42016,-0.0794624362808584,0.035034272658035,,,
92660,92660,35446,0.0438477851445831,0.862147753236862,,,
92606,92606,26171,0.0397295424333348,0.821782178217822,,,
92708,92708,56953,0.0227551239784913,0.616907844630617,,,
92675,92675,38803,-0.0183487129608127,0.236100533130236,,,
92691,92691,50839,0.0275427682605945,0.682406702208682,,,
92676,92676,2068,0.0101331769209911,0.466869763899467,,,
92804,92804,89915,-0.0345107522908362,0.146991622239147,,,
92705,92705,47298,-0.00944729720105496,0.303122619954303,,,
92603,92603,19558,0.0418877978924905,0.843107387661843,,,
92823,92823,4872,0.0412778091258822,0.839299314546839,,,
92661,92661,3445,0.00825482566801204,0.456968773800457,,,
95747,95747,66931,0.0470958199239006,0.886519421172887,,,
95658,95658,6837,0.0495566125623421,0.913175932977913,,,
95631,95631,6851,0.0365429753580805,0.780654988575781,,,
92592,92592,84930,0.0201889131179707,0.584158415841584,,,
92860,92860,26849,0.0249921692484036,0.648895658796649,,,
92548,92548,7859,-0.0572807168080972,0.0731150038080731,,,
92567,92567,10648,-0.039630062412728,0.124143183549124,,,
95820,95820,36437,-0.0250092711300796,0.198019801980198,,,
95819,95819,19890,0.0498810773837478,0.918507235338919,,,
95610,95610,46305,0.00686123303637805,0.444782939832445,,,
95822,95822,44741,0.0197321616880243,0.58035034272658,,,
95630,95630,78159,0.0529914958303739,0.945163747143945,,,
95670,95670,55558,0.0111989635752891,0.480578827113481,,,
95628,95628,40855,0.0278019189419187,0.686214775323686,,,
92392,92392,58393,0.00726941785696327,0.447067783701447,,,
92336,92336,98346,0.00940526371622262,0.460776846915461,,,
93562,93562,1771,0.00293784447351636,0.408225437928408,,,
92252,92252,9351,0.0151658955371736,0.527798933739528,,,
92405,92405,30112,-0.0533760011054406,0.0845392231530845,,,
92065,92065,37505,0.0151038088544656,0.527037319116527,,,
92119,92119,24831,0.0404046599572598,0.827875095201828,,,
92107,92107,31223,0.0207342084875311,0.59025133282559,,,
92082,92082,18705,0.00388715008840119,0.421172886519421,,,
91932,91932,26492,-0.0395738116981914,0.124904798172125,,,
91916,91916,1939,-0.0445314300296768,0.108910891089109,,,
91914,91914,17379,0.0356125753142328,0.768469154607768,,,
92105,92105,73623,-0.08304207613904,0.0304645849200305,,,
92083,92083,39509,-0.040408243008977,0.122619954303123,,,
92114,92114,68851,-0.0374669772411643,0.134044173648134,,,
94115,94115,34604,0.0432143118462324,0.856054836252856,,,
94109,94109,57302,0.0366126778539864,0.781416603198781,,,
94111,94111,3611,0.0345026396260295,0.753998476770754,,,
94121,94121,43616,0.0445194863758034,0.86976389946687,,,
95215,95215,24326,-0.0408733395666389,0.121096725057121,,,
95203,95203,15487,-0.0258678695922055,0.192688499619193,,,
95258,95258,3599,0.0189076313497579,0.573495811119573,,,
95237,95237,3639,-0.00426847492247309,0.336633663366337,,,
93449,93449,8180,0.0129067400229548,0.498857578065499,,,
93442,93442,10917,0.0146612247168776,0.523229246001523,,,
93444,93444,21331,0.0329677083804401,0.736481340441737,,,
94002,94002,27155,0.0555191115531008,0.964204112718964,,,
94028,94028,7125,0.0542553420142345,0.954303122619954,,,
93111,93111,17329,0.0239148426217117,0.634424980959634,,,
93001,93001,32396,-0.045634829132363,0.105102817974105,,,
95135,95135,22015,0.0463701388267582,0.882711348057883,,,
95111,95111,61830,-0.000137321907221088,0.372429550647372,,,
94086,94086,50477,0.0368061844120913,0.785986290936786,,,
95118,95118,32421,0.0349612474984519,0.762376237623762,,,
94024,94024,23675,0.0634864572162955,0.992383853769992,,,
95116,95116,55825,-0.0169026935055392,0.242955064737243,,,
95018,95018,6841,0.0444116285144299,0.867479055597868,,,
96007,96007,23228,0.00111566243241789,0.385376999238385,,,
96002,96002,34196,-0.0021812063273156,0.354150799695354,,,
96032,96032,2653,-0.0318978293709016,0.155369383092155,,,
95688,95688,37260,0.0162786368304778,0.543792840822544,,,
95620,95620,21954,0.000259196627485471,0.375476009139375,,,
94954,94954,38763,0.0316231877152359,0.714394516374714,,,
95404,95404,40497,0.0216168001440549,0.600913937547601,,,
95401,95401,38839,-0.0118013762191277,0.281797410510282,,,
95328,95328,4480,0.00684690178542432,0.444021325209444,,,
95358,95358,32524,-0.00951966435333675,0.301599390708302,,,
96080,96080,29139,0.000477459330649701,0.379284082254379,,,
96093,96093,3570,0.0182128483444578,0.562833206397563,,,
95327,95327,7918,0.0371110110203348,0.789032749428789,,,
95310,95310,1874,0.0218994767723263,0.606245239908606,,,
93063,93063,56458,0.0289023216653187,0.695354150799695,,,
95961,95961,28489,0.00343373397033009,0.416603198781417,,,
95918,95918,2915,0.000840195500334816,0.383092155369383,,,
94708,94708,11394,0.0595279004826539,0.980959634424981,,,
94555,94555,38478,0.0573452229731939,0.974866717440975,,,
95377,95377,32091,0.0362641054334256,0.778370144706778,,,
94607,94607,26823,0.017322801177523,0.553693830921554,,,
94611,94611,38975,0.0526832958348635,0.941355674028941,,,
94621,94621,35035,-0.0621072899709782,0.0632140137090632,,,
94608,94608,31013,0.0228918166285152,0.619192688499619,,,
95954,95954,12371,0.0277762677132483,0.685453160700685,,,
94517,94517,13687,0.0669439725091155,0.998476770753998,,,
94563,94563,19644,0.0597122458556951,0.981721249047982,,,
94518,94518,28734,0.0336193754670546,0.744859101294745,,,
94805,94805,14188,-0.0181486090243971,0.236862147753237,,,
94520,94520,38753,-0.0409350695109195,0.11957349581112,,,
95664,95664,1603,0.0499430303986456,0.920792079207921,,,
95614,95614,4359,0.0486518185372189,0.902513328255902,,,
95762,95762,43052,0.051139850231904,0.92993145468393,,,
95682,95682,30314,0.0368839762364736,0.786747905559787,,,
95619,95619,5718,0.0143659616306038,0.519421172886519,,,
93725,93725,27214,-0.0416201264351997,0.116527037319117,,,
93705,93705,36808,-0.015120400159242,0.261233815689261,,,
93702,93702,43601,-0.0743903700055137,0.0411271896420411,,,
93704,93704,29740,-0.00428169540506312,0.335872048743336,,,
93726,93726,42824,-0.0188393784328803,0.233054074638233,,,
93723,93723,13936,0.00219166582474633,0.399086062452399,,,
95501,95501,23324,-0.0121056886178328,0.276466108149276,,,
92281,92281,2591,0.0103136881593981,0.469154607768469,,,
92275,92275,2632,-0.033192518868602,0.151561309977152,,,
93545,93545,1821,-0.000409728550334398,0.37014470677837,,,
93314,93314,28963,0.028958653633431,0.696115765422696,,,
93249,93249,1875,-0.0543088694048625,0.0807311500380807,,,
95451,95451,11603,-0.0159234218458936,0.252094440213252,,,
96114,96114,3267,0.0520996712747678,0.938309215536938,,,
91605,91605,53113,-0.0341373833497986,0.148514851485149,,,
91367,91367,45970,0.0408815638632469,0.833206397562833,,,
93534,93534,39367,0.0138103808242663,0.51028179741051,,,
93532,93532,2683,0.0194050571700889,0.577303884234577,,,
93552,93552,39905,-0.0112901821891739,0.285605483625286,,,
90810,90810,37251,-0.0303040068603006,0.164508758568165,,,
90650,90650,105304,-0.0165845644679914,0.247524752475248,,,
91748,91748,47079,-0.0166622711047878,0.246763137852247,,,
91724,91724,26717,0.0161591188342096,0.541507996953541,,,
91722,91722,34631,0.0149664983894523,0.526275704493526,,,
90803,90803,32126,0.039431114118727,0.817212490479817,,,
90755,90755,11545,0.0105548693879111,0.472962680883473,,,
90723,90723,54513,-0.0354862536770548,0.144706778370145,,,
90020,90020,39189,-0.0909948055910482,0.019040365575019,,,
90019,90019,64534,-0.0545129606471161,0.07996953541508,,,
91390,91390,19168,0.0463980349566421,0.884234577303884,,,
91381,91381,19390,0.0377707010776058,0.7996953541508,,,
90275,90275,42146,0.0471014610368114,0.887281035795887,,,
91423,91423,33172,0.0127116083460408,0.497334348819497,,,
91206,91206,34739,0.0185356025639027,0.567402894135567,,,
90045,90045,40567,0.0514067149145163,0.931454683929931,,,
90028,90028,29774,-0.0387048714606398,0.126428027418126,,,
90230,90230,32687,0.0208019013678139,0.592536176694593,,,
91351,91351,32711,0.000499291585901918,0.38004569687738,,,
91354,91354,32544,0.0438455265880026,0.861386138613861,,,
90043,90043,45873,-0.011373940539614,0.284843869002285,,,
90002,90002,53302,-0.0826994345851398,0.0312261995430312,,,
90005,90005,39732,-0.134278641432501,0.00456968773800457,,,
90277,90277,34827,0.0419947196121829,0.844630616907845,,,
91780,91780,35133,0.0270167357448966,0.678598629093679,,,
93637,93637,41108,0.00756757138467704,0.449352627570449,,,
94920,94920,12740,0.0473613010286095,0.891850723533892,,,
94903,94903,30427,0.0263317223914453,0.668697638994669,,,
94904,94904,12994,0.0560368387136402,0.967250571210967,,,
95437,95437,14859,-0.0231827488898672,0.207920792079208,,,
95322,95322,10373,-0.0567684044669789,0.0753998476770754,,,
95341,95341,33090,-0.047848433892455,0.099009900990099,,,
96101,96101,5262,-0.0173846033747264,0.241431835491241,,,
93920,93920,1545,-0.00470772340036661,0.331302361005331,,,
93426,93426,1568,0.0108827155374899,0.475247524752475,,,
92703,92703,69112,-0.0757431164872117,0.0403655750190404,,,
92869,92869,36846,-0.000566958646895854,0.369383092155369,,,
92805,92805,74478,-0.0767291805618059,0.0396039603960396,,,
92612,92612,33234,0.0390332784382787,0.814927646610815,,,
92656,92656,52268,0.0410023725738751,0.836252856054836,,,
92677,92677,66314,0.037823785133613,0.8004569687738,,,
92806,92806,39442,-0.0435006338987516,0.10967250571211,,,
90621,90621,35598,-0.0432474915338938,0.111195734958111,,,
90620,90620,46414,0.00601848015857642,0.437928408225438,,,
92801,92801,66594,-0.0449647460395051,0.108149276466108,,,
92704,92704,88321,-0.061745405806352,0.063975628332064,,,
92625,92625,12394,0.0481724616821213,0.897182025894897,,,
92617,92617,17197,0.0418350463069152,0.841584158415842,,,
95603,95603,29474,0.0329529225904446,0.735719725818736,,,
95650,95650,14808,0.0342528672085432,0.749428789032749,,,
95971,95971,5924,0.0544442537044685,0.956587966488957,,,
92260,92260,34660,-0.0000197624682343606,0.373191165270373,,,
92203,92203,31140,0.0184309018699992,0.566641279512567,,,
92883,92883,35933,0.0426167628994061,0.848438690022848,,,
92582,92582,17219,0.00348086342922794,0.417364813404417,,,
92590,92590,5154,-0.00543478785586402,0.326732673267327,,,
92276,92276,6748,-0.0314138205892688,0.15993907083016,,,
92503,92503,95551,-0.0272767300103781,0.185072353389185,,,
92504,92504,59896,-0.0120812030685096,0.277227722772277,,,
92230,92230,2705,-0.0381318536674087,0.128712871287129,,,
92320,92320,8753,0.0272676495332487,0.68012185833968,,,
92501,92501,21590,-0.0316232327341094,0.158415841584158,,,
92557,92557,53406,-0.0167025366218122,0.245239908606245,,,
92586,92586,19472,0.0230924141868759,0.623000761614623,,,
95832,95832,12114,0.0230572908138929,0.622239146991622,,,
95811,95811,6294,0.0290806679167105,0.696877380045697,,,
95660,95660,35461,-0.002057501630473,0.356435643564356,,,
95833,95833,39905,0.0153667862776102,0.530845392231531,,,
95608,95608,62539,0.0165512244737215,0.544554455445545,,,
95826,95826,39145,0.0277719548168567,0.684691546077685,,,
95638,95638,2126,0.0332505839397096,0.741051028179741,,,
92301,92301,34250,-0.0329753539446411,0.152322924600152,,,
92307,92307,39149,0.0168061287434937,0.548362528560548,,,
92342,92342,6737,0.0259584719793337,0.664127951256664,,,
92372,92372,6071,-0.0427003920545232,0.113480578827113,,,
92315,92315,5247,0.0135698302847506,0.508758568164509,,,
92365,92365,2733,-0.0676303617734934,0.051028179741051,,,
91710,91710,91773,-0.00559279712263818,0.324447829398324,,,
92359,92359,9170,0.0308900166966728,0.70982482863671,,,
92346,92346,63857,-0.00882434125845699,0.306169078446306,,,
92401,92401,2257,-0.084859461002663,0.0266565118050267,,,
91915,91915,33485,0.0476928320030619,0.894135567402894,,,
92121,92121,4729,0.0527616395909051,0.942878903274943,,,
92128,92128,51357,0.0486942768939669,0.903274942878903,,,
92024,92024,51381,0.0239749162704997,0.636709824828637,,,
92118,92118,22548,0.0453651414198043,0.875856816450876,,,
92110,92110,30108,0.0115022508487201,0.484386900228484,,,
92127,92127,49935,0.0500553839068122,0.921553693830922,,,
92101,92101,41159,0.0149546466369339,0.524752475247525,,,
92027,92027,56788,-0.038190596148876,0.127951256664128,,,
92139,92139,36105,0.00214926086738593,0.398324447829398,,,
92011,92011,24144,0.0284878437252343,0.692307692307692,,,
92057,92057,60414,-0.015744475222691,0.254379284082254,,,
92086,92086,1543,-0.0400765656203027,0.123381568926123,,,
94117,94117,44650,0.0503334698151119,0.924600152322925,,,
94105,94105,10916,0.0495294502871246,0.912414318354912,,,
95210,95210,41509,0.0078095410672768,0.451637471439452,,,
95336,95336,47855,0.0115861533007914,0.485910129474486,,,
93432,93432,1503,0.0535895590053657,0.948971820258949,,,
93458,93458,57256,-0.164463269087776,0.00304645849200305,,,
94025,94025,43392,0.046342091400998,0.881949733434882,,,
94404,94404,36985,0.0560822125160964,0.968012185833968,,,
94401,94401,36001,0.0122378546990822,0.48971820258949,,,
94037,94037,2504,0.0346360153312572,0.755902513328256,,,
93117,93117,58546,0.0263316402295836,0.667936024371668,,,
95020,95020,64833,0.0102482869197478,0.468392993145468,,,
95132,95132,41790,0.0481589250639243,0.896420411271896,,,
95051,95051,59851,0.0426184519345993,0.849200304645849,,,
95125,95125,53155,0.0439190845190014,0.863670982482864,,,
95050,95050,38699,0.0447419005540416,0.872048743335872,,,
94040,94040,36526,0.0252110358335372,0.653465346534653,,,
95002,95002,2348,0.0552669249534998,0.961919268849962,,,
95130,95130,14660,0.0367033818592271,0.784463061690785,,,
95062,95062,36737,0.0185455281149963,0.568164508758568,,,
95019,95019,7368,-0.0218633087800152,0.216298552932216,,,
94533,94533,75909,0.0132459923614963,0.504188880426504,,,
94535,94535,3842,0.0716016698192255,1,,,
94534,94534,39239,0.0549536744972504,0.958111195734958,,,
94585,94585,29525,0.0204807060206139,0.588728103579589,,,
95421,95421,1808,0.00142814341956059,0.387661843107388,,,
95472,95472,30736,0.0178552014178678,0.55978674790556,,,
95692,95692,5251,-0.00305255670948556,0.348819497334349,,,
96021,96021,16017,-0.0120607337447836,0.277989337395278,,,
93219,93219,10285,-0.0549424564291393,0.0769230769230769,,,
93256,93256,5431,-0.0647736121212424,0.0578827113480579,,,
93647,93647,11407,-0.027947192844512,0.178979436405179,,,
93270,93270,5367,0.0171037443187441,0.551408987052551,,,
93267,93267,6788,-0.00402618723018707,0.342726580350343,,,
93235,93235,4215,-0.0133720891226039,0.268849961919269,,,
93023,93023,19895,-0.0117035240436979,0.282559025133283,,,
95695,95695,41278,-0.0118592667135314,0.28027418126428,,,
95776,95776,23911,0.0224447134489999,0.613099771515613,,,
94619,94619,24112,0.010801621883728,0.474485910129474,,,
94710,94710,7893,0.048722313254736,0.904036557501904,,,
94577,94577,47682,0.0245158750746893,0.645087585681645,,,
94542,94542,14699,0.0453466296960195,0.875095201827875,,,
94579,94579,21883,0.038057628466928,0.805026656511805,,,
94550,94550,50374,0.0528926731029824,0.943640517897944,,,
94551,94551,47227,0.0357234108257183,0.76999238385377,,,
95391,95391,20131,0.0508347088205999,0.928408225437928,,,
95223,95223,2666,0.0182624369024241,0.563594821020564,,,
95928,95928,37735,0.00286293831216563,0.406702208682407,,,
95926,95926,40000,0.0131374602987064,0.501904036557502,,,
95249,95249,5444,0.0266673022260594,0.674028941355674,,,
94507,94507,15105,0.043229089620141,0.856816450875857,,,
94513,94513,64313,0.0482043621769697,0.897943640517898,,,
94561,94561,42473,0.0489502456635265,0.907083015993907,,,
94511,94511,2161,-0.00562303843840921,0.323686214775324,,,
94509,94509,68166,-0.00296962608226788,0.34958111195735,,,
94531,94531,43022,0.0380094184729481,0.802741812642803,,,
94556,94556,16428,0.0607613542460702,0.983244478293983,,,
94526,94526,33135,0.0508122181966594,0.927646610814928,,,
94525,94525,3290,0.0444033568470973,0.866717440974867,,,
95672,95672,5266,0.0540637251135931,0.952018278750952,,,
95634,95634,3559,0.0175269444500576,0.555978674790556,,,
93625,93625,8059,-0.00132736936621863,0.362528560548363,,,
93210,93210,18336,0.00480309405887515,0.428789032749429,,,
93667,93667,2405,0.000308220371948724,0.376237623762376,,,
93650,93650,3173,0.00205408891901794,0.395277989337395,,,
93648,93648,16087,-0.0850630505461776,0.0258948971820259,,,
92227,92227,27189,0.00269179254831596,0.404417364813404,,,
92274,92274,15317,-0.0993473275501715,0.0137090632140137,,,
92283,92283,1684,-0.0888899689043712,0.0205635948210206,,,
93560,93560,21756,0.0181004456451089,0.562071591774562,,,
93268,93268,18731,-0.0228904104725034,0.208682406702209,,,
93555,93555,33833,0.039016192709409,0.814166031987814,,,
93240,93240,6327,-0.0136113398713219,0.268088347296268,,,
93205,93205,2030,0.00160816031787233,0.391469916222391,,,
93215,93215,54958,-0.00974060804479303,0.298552932216299,,,
93252,93252,2488,-0.016137609764139,0.249047981721249,,,
93280,93280,28138,-0.00871239872345337,0.306930693069307,,,
95464,95464,2505,-0.00945830754519181,0.302361005331302,,,
95422,95422,15696,-0.0195740587229974,0.225437928408225,,,
91411,91411,26111,-0.0607558847697205,0.0654988575780655,,,
91307,91307,26341,0.0283356595099507,0.691546077684692,,,
93591,93591,6744,0.00948140078001744,0.461538461538462,,,
93551,93551,50601,0.0236208609812292,0.630616907844631,,,
91361,91361,20258,0.0444661408259276,0.869002284843869,,,
90220,90220,52817,-0.0334225258962284,0.150799695354151,,,
90248,90248,11607,-0.000281518723561286,0.371667936024372,,,
90501,90501,41975,-0.0205654565971338,0.22010662604722,,,
90706,90706,77195,-0.0255614305240502,0.194973343488195,,,
90240,90240,26413,0.00637628404918182,0.439451637471439,,,
91750,91750,34129,0.031766989629804,0.715917745620716,,,
91768,91768,35191,-0.0548439306404102,0.0776846915460777,,,
91711,91711,36777,0.030840320222435,0.709063214013709,,,
91766,91766,72348,-0.0564269737879809,0.0761614623000762,,,
91746,91746,29709,-0.0343726258029344,0.147753236862148,,,
90047,90047,51411,-0.0041999788224176,0.337395277989337,,,
90305,90305,15042,0.00468116660796942,0.427265803503427,,,
90804,90804,39239,-0.0107882404581807,0.29017517136329,,,
90024,90024,51627,0.0312333981948492,0.712109672505712,,,
90026,90026,68906,-0.0584229567970907,0.0708301599390708,,,
90049,90049,36418,0.0552362353469842,0.961157654226961,,,
90035,90035,27272,0.0224799426958458,0.614623000761615,,,
90039,90039,29510,-0.000283428236690605,0.370906321401371,,,
90274,90274,25061,0.0485131713598761,0.900990099009901,,,
91106,91106,25543,0.00271947902299959,0.405178979436405,,,
91103,91103,27659,-0.0237418814632918,0.203351104341203,,,
91107,91107,32503,0.0278542393444543,0.686976389946687,,,
91020,91020,8633,0.00266748441818867,0.403655750190404,,,
91602,91602,19672,0.00388008080624933,0.42041127189642,,,
91607,91607,30611,0.00527078195728931,0.431835491241432,,,
91324,91324,29670,-0.00126179528685413,0.363290175171363,,,
90232,90232,14780,0.0266310624493665,0.672505712109672,,,
90015,90015,22651,-0.121922994510143,0.00761614623000762,,,
90008,90008,31754,0.000536246169349021,0.380807311500381,,,
90001,90001,59832,-0.0870333565502404,0.0220868240670221,,,
91344,91344,53613,0.0125790822530109,0.493526275704494,,,
91340,91340,36156,-0.0363482117223314,0.139375476009139,,,
90405,90405,28156,0.0250685678361681,0.65041888804265,,,
90404,90404,22929,0.0203249038772267,0.586443259710586,,,
90401,90401,7111,0.0510594598697108,0.929169840060929,,,
90278,90278,40252,0.0408835254809225,0.833968012185834,,,
90022,90022,67014,-0.0626112627019726,0.0609291698400609,,,
90201,90201,101965,-0.0923045140250936,0.015993907083016,,,
90505,90505,37220,0.0361774514560426,0.776846915460777,,,
90503,90503,44605,0.0392911070333199,0.816450875856816,,,
90605,90605,40192,-0.0139577076891766,0.267326732673267,,,
91024,91024,10932,0.0372787036698683,0.792840822543793,,,
93638,93638,49932,-0.0513940048604137,0.0921553693830922,,,
93643,93643,2783,-0.0102711250529819,0.296268088347296,,,
94945,94945,19043,0.0244716164008602,0.644325971058644,,,
95321,95321,3541,-0.0120406903194332,0.278750952018279,,,
95340,95340,35827,0.0242008126472423,0.641279512566641,,,
95333,95333,2539,-0.0199087048756395,0.223153084539223,,,
93940,93940,32236,0.0396152878765097,0.818735719725819,,,
93955,93955,34566,-0.0394581904858814,0.125666412795126,,,
93933,93933,25442,0.00325804174662739,0.413556740289414,,,
94589,94589,31536,0.0319469086325349,0.71972581873572,,,
95602,95602,17557,0.0269897244515701,0.677837014470678,,,
92833,92833,52435,0.0157223278010171,0.535415079969535,,,
92867,92867,44655,0.00376012576893645,0.41964965727342,,,
92706,92706,35748,-0.062970893910217,0.0601675552170602,,,
92627,92627,63161,-0.0595551676958149,0.0677837014470678,,,
92620,92620,52569,0.0263907664016653,0.67022086824067,,,
92646,92646,55870,0.0387502650373994,0.81035795887281,,,
92655,92655,8382,0.034319703944782,0.750952018278751,,,
92672,92672,34218,0.0265419391889763,0.671744097486672,,,
92688,92688,44832,0.0386139838111315,0.808073115003808,,,
92694,92694,29570,0.0519349934610956,0.936024371667936,,,
92886,92886,50784,0.0403026838762576,0.827113480578827,,,
92831,92831,37359,0.0082248093964257,0.455445544554455,,,
92707,92707,60831,-0.0694724036940954,0.047981721249048,,,
92648,92648,46228,0.023725885409077,0.633663366336634,,,
92651,92651,24800,0.0346717228379159,0.757044935262757,,,
95713,95713,10472,0.0179796893703654,0.561309977151561,,,
96143,96143,3585,-0.0910333821331723,0.0182787509520183,,,
95661,95661,31315,0.0220734971644199,0.608530083777609,,,
92254,92254,9779,-0.0851577908694812,0.0251332825590251,,,
92241,92241,7699,-0.107862406740363,0.0114242193450114,,,
92532,92532,25923,0.00556063741450888,0.434881949733435,,,
92545,92545,41879,-0.0103913175831855,0.293983244478294,,,
92596,92596,32256,0.0229382471670724,0.620715917745621,,,
92563,92563,69469,0.0145518004305827,0.521706016755522,,,
92506,92506,46241,0.0131082252854452,0.501142421934501,,,
92551,92551,34011,-0.0296277055295899,0.168316831683168,,,
92571,92571,57622,-0.0297454210744071,0.165270373191165,,,
95834,95834,30076,0.0370041155166781,0.788271134805788,,,
95828,95828,58717,0.00300442894535092,0.40974866717441,,,
95662,95662,32172,0.0251774827262988,0.651942117288652,,,
92344,92344,23349,0.000424489851988354,0.376999238385377,,,
92314,92314,11385,-0.0276354702360751,0.182025894897182,,,
91786,91786,53697,0.00303691043696622,0.410510281797411,,,
91701,91701,39461,0.0408353679789496,0.830921553693831,,,
92386,92386,2248,-0.0242655340655713,0.2003046458492,,,
92377,92377,20476,0.0154360920460618,0.532368621477532,,,
92311,92311,33454,-0.00272086152965354,0.351865955826352,,,
92398,92398,2195,0.0371122600041726,0.78979436405179,,,
92071,92071,57710,0.0304600580636139,0.706778370144707,,,
92021,92021,70148,-0.000730004736734022,0.365575019040366,,,
92019,92019,43272,0.0257282193895314,0.663366336633663,,,
92078,92078,50510,0.0100810365775899,0.466108149276466,,,
92106,92106,20155,0.0347435238999687,0.757806549885758,,,
92131,92131,34727,0.0471544101967367,0.888042650418888,,,
92173,92173,31000,-0.0417021776530339,0.115765422696116,,,
92129,92129,54762,0.0418457605997411,0.842345773038842,,,
91977,91977,64750,-0.0108803040151196,0.289413556740289,,,
92084,92084,51619,-0.0452612251141484,0.105864432597106,,,
92009,92009,46612,0.0386245285914387,0.808834729626809,,,
92123,92123,32473,0.0279697824780078,0.687738004569688,,,
91913,91913,54114,0.00998244649795882,0.465346534653465,,,
91945,91945,27236,-0.0152454378504688,0.25971058644326,,,
92113,92113,58408,-0.0974641813920919,0.0144706778370145,,,
91901,91901,18162,0.0292005573230288,0.698400609291698,,,
92115,92115,64343,-0.0185310866579729,0.235338918507235,,,
92145,92145,1883,0.0472359691586361,0.888804265041889,,,
94102,94102,31392,0.0116055640921327,0.486671744097487,,,
94112,94112,84707,0.0330315831162186,0.738766184310739,,,
94129,94129,4136,0.064631368760829,0.995430312261995,,,
94127,94127,21151,0.045821337240039,0.877380045696877,,,
95206,95206,64250,-0.0141723066281276,0.266565118050267,,,
95236,95236,4199,0.0321948544061044,0.725057121096725,,,
95220,95220,7576,0.009206401087003,0.458492003046458,,,
93401,93401,28854,0.0314292908543241,0.712871287128713,,,
93446,93446,44636,-0.0154301926628996,0.257425742574257,,,
94062,94062,28423,0.0501391678647342,0.922315308453922,,,
94303,94303,48244,0.00880500339106785,0.457730388423458,,,
94030,94030,22625,0.0520008281464114,0.936785986290937,,,
93455,93455,46175,0.00707664385760151,0.445544554455446,,,
93427,93427,6200,0.0112476680398398,0.482102056359482,,,
93463,93463,7911,-0.00708570438356797,0.314546839299315,,,
95122,95122,56121,-0.00543780588136053,0.325971058644326,,,
95121,95121,37531,0.0304913771011557,0.707539984767708,,,
95030,95030,13481,0.061106282351023,0.984767707539985,,,
95133,95133,28565,0.0210084361592667,0.594821020563595,,,
94087,94087,56668,0.054478284186361,0.957349581111957,,,
94301,94301,16582,0.0522473614804325,0.93983244478294,,,
95124,95124,51455,0.0412259462700697,0.837776085300838,,,
94041,94041,14572,0.0336619336588157,0.745620715917746,,,
94306,94306,27435,0.0489028366848516,0.905559786747906,,,
95046,95046,5918,-0.00359490380597308,0.346534653465347,,,
95060,95060,47801,0.0326960774280115,0.734196496572734,,,
96001,96001,34293,0.00955030402118358,0.462300076161462,,,
96097,96097,9746,0.021189706394608,0.595582635186596,,,
95618,95618,27519,0.0419420533563675,0.843869002284844,,,
95351,95351,48542,-0.0119488085626983,0.279512566641279,,,
93274,93274,74000,-0.0282049833140946,0.177456207159177,,,
95370,95370,28096,0.0264365781528289,0.670982482863671,,,
95372,95372,2056,-0.0064115102563099,0.319116527037319,,,
95627,95627,3802,0.00152334203661349,0.390708301599391,,,
95903,95903,1653,0.0633115927245101,0.991622239146992,,,
